Name,Cohort,Track,Manager,Email
Intern 1,Fall,Engineering,,intern1@freefuse.com
Intern 2,Fall,Engineering,,intern2@freefuse.com
Intern 3,Fall,Engineering,,intern3@freefuse.com
Intern 4,Fall,Engineering,,intern4@freefuse.com
Intern 5,Fall,Engineering,,intern5@freefuse.com
Intern 6,Fall,Engineering,,intern6@freefuse.com
Intern 7,Fall,Engineering,,intern7@freefuse.com
Intern 8,Fall,Engineering,,intern8@freefuse.com
Intern 9,Fall,Engineering,,intern9@freefuse.com
Intern 10,Fall,Engineering,,intern10@freefuse.com
