Title,Date,Attendees,Decisions,Action Items,Link
Meeting 1,2025-09-01,Alice;Bob,Decision 1,Action 1,
Meeting 2,2025-09-02,Alice;Bob,Decision 2,Action 2,
Meeting 3,2025-09-03,Alice;Bob,Decision 3,Action 3,
Meeting 4,2025-09-04,Alice;Bob,Decision 4,Action 4,
Meeting 5,2025-09-05,Alice;Bob,Decision 5,Action 5,
Meeting 6,2025-09-06,Alice;Bob,Decision 6,Action 6,
Meeting 7,2025-09-07,Alice;Bob,Decision 7,Action 7,
Meeting 8,2025-09-08,Alice;Bob,Decision 8,Action 8,
Meeting 9,2025-09-09,Alice;Bob,Decision 9,Action 9,
Meeting 10,,Alice;Bob,Decision 10,Action 10,
