Title,Type,Summary,Link,Owner
Resource 1,Doc,Summary 1,https://example.com/r1,
Resource 2,Doc,Summary 2,https://example.com/r2,
Resource 3,Doc,Summary 3,https://example.com/r3,
Resource 4,Doc,Summary 4,https://example.com/r4,
Resource 5,Doc,Summary 5,https://example.com/r5,
Resource 6,Doc,Summary 6,https://example.com/r6,
Resource 7,Doc,Summary 7,https://example.com/r7,
Resource 8,Doc,Summary 8,https://example.com/r8,
Resource 9,Doc,Summary 9,https://example.com/r9,
Resource 10,Doc,Summary 10,https://example.com/r10,
